Paintings,"Score (P,U)",Room_ID,image,Stories,"Score (P,pop)",Score_AG (P),Time_est
000-02VI-0000,0.8633852684548349,006-001T-0000,"https://media.ng-london.org.uk/iiif/009-004I-0000/full/256,/0/default.jpg",Uncategorised,1,0.9431362874494772,35
000-02X6-0000,0.7697343417373133,006-000K-0000,"https://media.ng-london.org.uk/iiif/009-007G-0000/full/256,/0/default.jpg",Uncategorised,1,0.8783522609646756,16
000-016Q-0000,0.7351297387526055,006-0001-0000,"https://media.ng-london.org.uk/iiif/009-00QA-0000/full/256,/0/default.jpg",Contemporary_Style_and_Fashion,1,0.8544141581093845,18
000-019R-0000,0.679493467968054,006-0018-0000,"https://media.ng-london.org.uk/iiif/009-012P-0000/full/256,/0/default.jpg",Migration_Journeys_and_Exile,1,0.8159271749437644,30
000-02YI-0000,0.9713326652635712,006-0002-0000,"https://media.ng-london.org.uk/iiif/009-00J8-0000/full/256,/0/default.jpg",Uncategorised,0,0.6719297215476977,15
000-0437-0000,0.9712667380224254,006-001Q-0000,"https://media.ng-london.org.uk/iiif/009-017O-0000/full/256,/0/default.jpg",Womens Lives,0,0.6718841156761258,18
000-0434-0000,0.9697903972336164,006-0009-0000,"https://media.ng-london.org.uk/iiif/009-00A2-0000/full/256,/0/default.jpg",Uncategorised,0,0.6708628412038371,15
000-03UH-0000,0.9688159032172544,006-001Z-0000,"https://media.ng-london.org.uk/iiif/009-01PH-0000/full/256,/0/default.jpg",Uncategorised,0,0.6701887245839803,15
000-04OG-0000,0.9673909574597332,006-0001-0000,"https://media.ng-london.org.uk/iiif/009-00N0-0000/full/256,/0/default.jpg",Uncategorised,0,0.6692030031722412,16
000-02ND-0000,0.9648307587782043,006-0002-0000,"https://media.ng-london.org.uk/iiif/009-000B-0000/full/256,/0/default.jpg",Water,0,0.6674319584532626,19
000-03WL-0000,0.9593507930558594,006-002L-0000,"https://media.ng-london.org.uk/iiif/009-003S-0000/full/256,/0/default.jpg",Migration_Journeys_and_Exile,0,0.6636411337712707,48
000-04IB-0000,0.9560558371296062,006-0002-0000,"https://media.ng-london.org.uk/iiif/009-01VG-0000/full/256,/0/default.jpg",Womens Lives,0,0.6613618128988088,23
000-041O-0000,0.9548964095906358,006-001D-0000,"https://media.ng-london.org.uk/iiif/009-00LD-0000/full/256,/0/default.jpg",Uncategorised,0,0.6605597665440682,15
000-02WO-0000,0.9547908224733624,006-001W-0000,"https://media.ng-london.org.uk/iiif/009-00FY-0000/full/256,/0/default.jpg",Death,0,0.6604867255305765,18
000-032P-0000,0.9545607708737912,006-0002-0000,"https://media.ng-london.org.uk/iiif/009-01OI-0000/full/256,/0/default.jpg",Monsters_and_Demons,0,0.6603275848851833,35
000-04MP-0000,0.9543340858324344,006-002U-0000,"https://media.ng-london.org.uk/iiif/009-01HY-0000/full/256,/0/default.jpg",Uncategorised,0,0.6601707730923084,15
000-02SZ-0000,0.9533942341526372,006-0002-0000,"https://media.ng-london.org.uk/iiif/009-00DL-0000/full/256,/0/default.jpg",Uncategorised,0,0.6595206206779131,15
000-02QB-0000,0.9502129173072826,006-0002-0000,"https://media.ng-london.org.uk/iiif/009-01RY-0000/full/256,/0/default.jpg",Monsters_and_Demons,0,0.6573199108505811,16
000-03N1-0000,0.9490087337478776,006-0004-0000,"https://media.ng-london.org.uk/iiif/009-015E-0000/full/256,/0/default.jpg",Monsters_and_Demons,0,0.6564869040417924,23
000-03EU-0000,0.9467888227444085,006-0002-0000,"https://media.ng-london.org.uk/iiif/009-01KI-0000/full/256,/0/default.jpg",Womens Lives,0,0.6549512569501579,20
000-04PU-0000,0.9439534568039916,006-001V-0000,"https://media.ng-london.org.uk/iiif/009-01P9-0000/full/256,/0/default.jpg",Uncategorised,0,0.6529898623477091,16
000-03SB-0000,0.9438753677772048,006-0002-0000,"https://media.ng-london.org.uk/iiif/009-00NG-0000/full/256,/0/default.jpg",Uncategorised,0,0.6529358434313263,15
000-0307-0000,0.9431175886974432,006-000S-0000,"https://media.ng-london.org.uk/iiif/009-00EE-0000/full/256,/0/default.jpg",Contemporary_Style_and_Fashion,0,0.6524116416781394,44
000-0188-0000,0.9414028033105056,006-0002-0000,"https://media.ng-london.org.uk/iiif/009-004G-0000/full/256,/0/default.jpg",Warfare,0,0.651225420614271,43
000-041P-0000,0.9391737331682825,006-002L-0000,"https://media.ng-london.org.uk/iiif/009-00LK-0000/full/256,/0/default.jpg",Uncategorised,0,0.6496834375908052,16
000-0400-0000,0.9389929241765872,006-0002-0000,"https://media.ng-london.org.uk/iiif/009-01PO-0000/full/256,/0/default.jpg",Contemporary_Style_and_Fashion,0,0.6495583610441308,27
000-03Q9-0000,0.9377780030651448,006-0002-0000,"https://media.ng-london.org.uk/iiif/009-017P-0000/full/256,/0/default.jpg",Womens Lives,0,0.6487179264193029,23
000-02OU-0000,0.9377192557298736,006-002K-0000,"https://media.ng-london.org.uk/iiif/009-002J-0000/full/256,/0/default.jpg",Battles_and_Commanders,0,0.6486772873241277,29
000-04TE-0000,0.93673619597106,006-0002-0000,"https://media.ng-london.org.uk/iiif/009-00GR-0000/full/256,/0/default.jpg",Uncategorised,0,0.6479972452606549,16
000-02TP-0000,0.9354992482721642,006-0002-0000,"https://media.ng-london.org.uk/iiif/009-015Y-0000/full/256,/0/default.jpg",Uncategorised,0,0.6471415735092446,15
000-03ZR-0000,0.9353878761963648,006-0002-0000,"https://media.ng-london.org.uk/iiif/009-00X7-0000/full/256,/0/default.jpg",Womens Lives,0,0.6470645306890489,20
000-03S3-0000,0.9339518343056984,006-001A-0000,"https://media.ng-london.org.uk/iiif/009-008O-0000/full/256,/0/default.jpg",Uncategorised,0,0.6460711334089683,15
000-02XP-0000,0.9338776562479184,006-0016-0000,"https://media.ng-london.org.uk/iiif/009-01QC-0000/full/256,/0/default.jpg",Monsters_and_Demons,0,0.6460198199470705,20
000-03G8-0000,0.9338604371387418,006-001E-0000,"https://media.ng-london.org.uk/iiif/009-017C-0000/full/256,/0/default.jpg",Migration_Journeys_and_Exile,0,0.6460079084448137,21
000-03WW-0000,0.9319698151111572,006-001C-0000,"https://media.ng-london.org.uk/iiif/009-01KS-0000/full/256,/0/default.jpg",Uncategorised,0,0.6447000505110932,16
000-03ZQ-0000,0.9304232525532936,006-0002-0000,"https://media.ng-london.org.uk/iiif/009-00X3-0000/full/256,/0/default.jpg",Uncategorised,0,0.64363019938179,16
000-016O-0000,0.9296069411137212,006-001R-0000,"https://media.ng-london.org.uk/iiif/009-00Z2-0000/full/256,/0/default.jpg",Uncategorised,0,0.6430655072449933,16
000-02RQ-0000,0.9292128930997876,006-0002-0000,"https://media.ng-london.org.uk/iiif/009-00UQ-0000/full/256,/0/default.jpg",Uncategorised,0,0.6427929203324477,15
000-018Z-0000,0.9290456603807392,006-002M-0000,"https://media.ng-london.org.uk/iiif/009-01X9-0000/full/256,/0/default.jpg",Monsters_and_Demons,0,0.6426772353170433,18
000-04HM-0000,0.9287783584054314,006-0002-0000,"https://media.ng-london.org.uk/iiif/009-00D9-0000/full/256,/0/default.jpg",Womens Lives,0,0.6424923263273009,21
000-02OI-0000,0.9286199839907896,006-000K-0000,"https://media.ng-london.org.uk/iiif/009-006N-0000/full/256,/0/default.jpg",Womens Lives,0,0.6423827691383622,23
000-02P5-0000,0.9283756108507686,006-0025-0000,"https://media.ng-london.org.uk/iiif/009-0147-0000/full/256,/0/default.jpg",Uncategorised,0,0.6422137214147551,15
000-03I6-0000,0.9264498370971568,006-001B-0000,"https://media.ng-london.org.uk/iiif/009-01MS-0000/full/256,/0/default.jpg",Battles_and_Commanders,0,0.6408815468999846,29
000-03FA-0000,0.925256601287794,006-0004-0000,"https://media.ng-london.org.uk/iiif/009-0065-0000/full/256,/0/default.jpg",Uncategorised,0,0.6400561133139451,16
000-02UP-0000,0.9251580300972662,006-0002-0000,"https://media.ng-london.org.uk/iiif/009-006A-0000/full/256,/0/default.jpg",Womens Lives,0,0.6399879256425399,24
000-0430-0000,0.9250154247405846,006-0002-0000,"https://media.ng-london.org.uk/iiif/009-010E-0000/full/256,/0/default.jpg",Uncategorised,0,0.6398892768674777,15
000-04R3-0000,0.9213546588648645,006-0004-0000,"https://media.ng-london.org.uk/iiif/009-0036-0000/full/256,/0/default.jpg",Uncategorised,0,0.637356903064465,16
000-043M-0000,0.9191515427536564,006-0002-0000,"https://media.ng-london.org.uk/iiif/009-019P-0000/full/256,/0/default.jpg",Monsters_and_Demons,0,0.6358328740185154,22
000-02UR-0000,0.9191344156359188,006-0018-0000,"https://media.ng-london.org.uk/iiif/009-00RS-0000/full/256,/0/default.jpg",Migration_Journeys_and_Exile,0,0.6358210261523168,56
000-03I2-0000,0.9177343854551734,006-0002-0000,"https://media.ng-london.org.uk/iiif/009-01NZ-0000/full/256,/0/default.jpg",Uncategorised,0,0.6348525403563086,15
000-043E-0000,0.9166656671369666,006-001J-0000,"https://media.ng-london.org.uk/iiif/009-01H1-0000/full/256,/0/default.jpg",Uncategorised,0,0.6341132430716129,16
000-019X-0000,0.9164814549888196,006-001O-0000,"https://media.ng-london.org.uk/iiif/009-00AP-0000/full/256,/0/default.jpg",Warfare,0,0.6339858123551997,18
000-03JQ-0000,0.9160346293781144,006-001V-0000,"https://media.ng-london.org.uk/iiif/009-00VM-0000/full/256,/0/default.jpg",Uncategorised,0,0.6336767159776985,15
000-03MW-0000,0.9145476709666398,006-001T-0000,"https://media.ng-london.org.uk/iiif/009-013C-0000/full/256,/0/default.jpg",Contemporary_Style_and_Fashion,0,0.6326480966517912,38
000-03LO-0000,0.9142524385237344,006-0002-0000,"https://media.ng-london.org.uk/iiif/009-0104-0000/full/256,/0/default.jpg",Monsters_and_Demons,0,0.6324438664634661,37
000-04QG-0000,0.9135875352328148,006-0002-0000,"https://media.ng-london.org.uk/iiif/009-00OI-0000/full/256,/0/default.jpg",Uncategorised,0,0.6319839125268787,16
000-02NG-0000,0.9124427937140815,006-000J-0000,"https://media.ng-london.org.uk/iiif/009-01T1-0000/full/256,/0/default.jpg",Monsters_and_Demons,0,0.6311920253831288,35
000-03XL-0000,0.9108153673151662,006-000Y-0000,"https://media.ng-london.org.uk/iiif/009-00KG-0000/full/256,/0/default.jpg",Uncategorised,0,0.630066235830107,15
000-03V9-0000,0.9084243216315282,006-0002-0000,"https://media.ng-london.org.uk/iiif/009-01IZ-0000/full/256,/0/default.jpg",Warfare,0,0.6284122044998842,47
000-02RL-0000,0.906912664563268,006-0002-0000,"https://media.ng-london.org.uk/iiif/009-00LA-0000/full/256,/0/default.jpg",Womens Lives,0,0.6273664996149609,25
000-03QG-0000,0.9061597223129194,006-0002-0000,"https://media.ng-london.org.uk/iiif/009-009K-0000/full/256,/0/default.jpg",Uncategorised,0,0.6268456437900609,15
000-02UF-0000,0.9049879752618056,006-0002-0000,"https://media.ng-london.org.uk/iiif/009-01XF-0000/full/256,/0/default.jpg",Uncategorised,0,0.6260350752815206,16
000-02U3-0000,0.9034223821419114,006-001I-0000,"https://media.ng-london.org.uk/iiif/009-0132-0000/full/256,/0/default.jpg",Contemporary_Style_and_Fashion,0,0.6249520595581463,31
000-04T5-0000,0.9012131659101432,006-0002-0000,"https://media.ng-london.org.uk/iiif/009-01EI-0000/full/256,/0/default.jpg",Contemporary_Style_and_Fashion,0,0.6234238106887974,26
000-042O-0000,0.9006901833089347,006-0002-0000,"https://media.ng-london.org.uk/iiif/009-00KU-0000/full/256,/0/default.jpg",Water,0,0.6230620319015999,40
000-03S4-0000,0.8998287967276499,006-001J-0000,"https://media.ng-london.org.uk/iiif/009-0061-0000/full/256,/0/default.jpg",Uncategorised,0,0.6224661585552109,15
000-02UJ-0000,0.8992864882459504,006-0002-0000,"https://media.ng-london.org.uk/iiif/009-01JZ-0000/full/256,/0/default.jpg",Monsters_and_Demons,0,0.6220910108842506,15
000-01C4-0000,0.8959967182069186,006-001C-0000,"https://media.ng-london.org.uk/iiif/009-00CN-0000/full/256,/0/default.jpg",Uncategorised,0,0.6198152774045339,15
000-01EV-0000,0.8955310552758511,006-001S-0000,"https://media.ng-london.org.uk/iiif//full/256,/0/default.jpg",Uncategorised,0,0.619493150109945,15
000-02W4-0000,0.8928162468591498,006-0002-0000,"https://media.ng-london.org.uk/iiif/009-01S7-0000/full/256,/0/default.jpg",Contemporary_Style_and_Fashion,0,0.6176151524591665,16
000-04LR-0000,0.8927859202886115,006-001Q-0000,"https://media.ng-london.org.uk/iiif/009-00S3-0000/full/256,/0/default.jpg",Contemporary_Style_and_Fashion,0,0.6175941737308419,21
000-041U-0000,0.8912721842413007,006-001Z-0000,"https://media.ng-london.org.uk/iiif/009-01UU-0000/full/256,/0/default.jpg",Uncategorised,0,0.6165470306900072,16
000-03W5-0000,0.8903994560466679,006-0002-0000,"https://media.ng-london.org.uk/iiif/009-01PE-0000/full/256,/0/default.jpg",Uncategorised,0,0.6159433116617303,15
000-0344-0000,0.8892538961044321,006-000L-0000,"https://media.ng-london.org.uk/iiif/009-01WB-0000/full/256,/0/default.jpg",Water,0,0.6151508583648015,27
000-04HE-0000,0.8892044028548525,006-0002-0000,"https://media.ng-london.org.uk/iiif/009-014J-0000/full/256,/0/default.jpg",Uncategorised,0,0.6151166208820135,15
000-016C-0000,0.8872763215035029,006-0011-0000,"https://media.ng-london.org.uk/iiif/009-000Z-0000/full/256,/0/default.jpg",Uncategorised,0,0.6137828500619185,15
000-031S-0000,0.8867327671197662,006-0002-0000,"https://media.ng-london.org.uk/iiif/009-0145-0000/full/256,/0/default.jpg",Uncategorised,0,0.6134068405249479,15
000-02XU-0000,0.8830198275760209,006-0002-0000,"https://media.ng-london.org.uk/iiif/009-01PX-0000/full/256,/0/default.jpg",Monsters_and_Demons,0,0.6108383750311253,34
000-01BT-0000,0.8819325233033233,006-0020-0000,"https://media.ng-london.org.uk/iiif/009-00QP-0000/full/256,/0/default.jpg",Uncategorised,0,0.6100862207143618,16
000-030B-0000,0.8790192292823935,006-000K-0000,"https://media.ng-london.org.uk/iiif/009-01DL-0000/full/256,/0/default.jpg",Uncategorised,0,0.6080709185318302,15
000-017I-0000,0.8780662630882472,006-001W-0000,"https://media.ng-london.org.uk/iiif/009-00JC-0000/full/256,/0/default.jpg",Warfare,0,0.6074116940123878,40
000-02T9-0000,0.8774810996452129,006-0002-0000,"https://media.ng-london.org.uk/iiif/009-01V0-0000/full/256,/0/default.jpg",Uncategorised,0,0.6070069009652691,15
000-04FU-0000,0.8766183871087807,006-0002-0000,"https://media.ng-london.org.uk/iiif/009-01HC-0000/full/256,/0/default.jpg",Water,0,0.6064101103752777,21
000-02TF-0000,0.8750149957294076,006-000F-0000,"https://media.ng-london.org.uk/iiif/009-017V-0000/full/256,/0/default.jpg",Uncategorised,0,0.6053009473031372,15
000-04J8-0000,0.8743314586283755,006-0009-0000,"https://media.ng-london.org.uk/iiif/009-00VT-0000/full/256,/0/default.jpg",Death,0,0.604828103229846,31
000-043R-0000,0.8660274756289157,006-000A-0000,"https://media.ng-london.org.uk/iiif/009-00HV-0000/full/256,/0/default.jpg",Uncategorised,0,0.5990837345041738,15
000-04JS-0000,0.8648362427204814,006-0019-0000,"https://media.ng-london.org.uk/iiif/009-005T-0000/full/256,/0/default.jpg",Uncategorised,0,0.5982596864461942,16
000-04LB-0000,0.8620057273062334,006-000G-0000,"https://media.ng-london.org.uk/iiif/009-004V-0000/full/256,/0/default.jpg",Uncategorised,0,0.5963016472469089,16
000-03HY-0000,0.8598845854774888,006-0009-0000,"https://media.ng-london.org.uk/iiif/009-01WY-0000/full/256,/0/default.jpg",Monsters_and_Demons,0,0.5948343247843573,17
000-03SF-0000,0.8589731998857717,006-0004-0000,"https://media.ng-london.org.uk/iiif/009-01IM-0000/full/256,/0/default.jpg",Uncategorised,0,0.5942038640897209,15
000-02P1-0000,0.8588928028919129,006-0002-0000,"https://media.ng-london.org.uk/iiif/009-01QV-0000/full/256,/0/default.jpg",Uncategorised,0,0.5941482486125228,15
000-03GE-0000,0.8582423842254712,006-0002-0000,"https://media.ng-london.org.uk/iiif/009-01JS-0000/full/256,/0/default.jpg",Warfare,0,0.5936983145692637,39
000-03ZI-0000,0.8544452684001183,006-0002-0000,"https://media.ng-london.org.uk/iiif/009-0141-0000/full/256,/0/default.jpg",Water,0,0.5910716192356712,29
000-03X3-0000,0.8515422755918585,006-001M-0000,"https://media.ng-london.org.uk/iiif/009-006P-0000/full/256,/0/default.jpg",Uncategorised,0,0.5890634430267719,15
000-02SW-0000,0.8469241410673662,006-0002-0000,"https://media.ng-london.org.uk/iiif/009-00IW-0000/full/256,/0/default.jpg",Contemporary_Style_and_Fashion,0,0.5858687992594178,24
000-04S3-0000,0.8468758051729539,006-0018-0000,"https://media.ng-london.org.uk/iiif/009-011C-0000/full/256,/0/default.jpg",Death,0,0.5858353623893992,45
000-03V2-0000,0.8462672775561949,006-0002-0000,"https://media.ng-london.org.uk/iiif/009-001R-0000/full/256,/0/default.jpg",Uncategorised,0,0.5854144069261419,15
000-03RC-0000,0.8461319946315671,006-0002-0000,"https://media.ng-london.org.uk/iiif/009-01VO-0000/full/256,/0/default.jpg",Uncategorised,0,0.5853208235214793,16
000-030D-0000,0.8455656896419148,006-000R-0000,"https://media.ng-london.org.uk/iiif/009-01MV-0000/full/256,/0/default.jpg",Uncategorised,0,0.5849290760104401,52
000-02QC-0000,0.8449555906501027,006-000K-0000,"https://media.ng-london.org.uk/iiif/009-005A-0000/full/256,/0/default.jpg",Womens Lives,0,0.5845070335317455,39
000-03LN-0000,0.8446083564970159,006-001Q-0000,"https://media.ng-london.org.uk/iiif/009-01JM-0000/full/256,/0/default.jpg",Battles_and_Commanders,0,0.5842668306062812,52
000-03GM-0000,0.8438290715684373,006-0002-0000,"https://media.ng-london.org.uk/iiif/009-00VJ-0000/full/256,/0/default.jpg",Uncategorised,0,0.5837277519530124,15
000-03SL-0000,0.8401790334975234,006-0004-0000,"https://media.ng-london.org.uk/iiif/009-0158-0000/full/256,/0/default.jpg",Uncategorised,0,0.5812027992232881,15
000-016V-0000,0.8400550497156849,006-000P-0000,"https://media.ng-london.org.uk/iiif/009-01B9-0000/full/256,/0/default.jpg",Water,0,0.5811170321210517,26
000-03WG-0000,0.8368326873226297,006-0002-0000,"https://media.ng-london.org.uk/iiif/009-01E6-0000/full/256,/0/default.jpg",Uncategorised,0,0.5788879285987236,15
000-03YP-0000,0.8348678525095492,006-001D-0000,"https://media.ng-london.org.uk/iiif/009-010Q-0000/full/256,/0/default.jpg",Uncategorised,0,0.5775287331798378,15
000-03F0-0000,0.8315970889717965,006-001M-0000,"https://media.ng-london.org.uk/iiif/009-002X-0000/full/256,/0/default.jpg",Uncategorised,0,0.5752661476499111,15
000-03XV-0000,0.8281812443957426,006-0002-0000,"https://media.ng-london.org.uk/iiif/009-0092-0000/full/256,/0/default.jpg",Uncategorised,0,0.5729032007657812,15
000-03HA-0000,0.327868112665326,006-001O-0000,"https://media.ng-london.org.uk/iiif/009-00B9-0000/full/256,/0/default.jpg",Battles_and_Commanders,1,0.5726865885545884,38
000-04I8-0000,0.8247071841168299,006-0002-0000,"https://media.ng-london.org.uk/iiif/009-00PF-0000/full/256,/0/default.jpg",Water,0,0.5704999825488624,16
000-0167-0000,0.8235951251819613,006-0001-0000,"https://media.ng-london.org.uk/iiif/009-00LE-0000/full/256,/0/default.jpg",Uncategorised,0,0.5697307039307609,15
000-03QA-0000,0.8196793174580477,006-0002-0000,"https://media.ng-london.org.uk/iiif/009-01B2-0000/full/256,/0/default.jpg",Water,0,0.5670219022115788,35
000-03P1-0000,0.8191888679483839,006-0020-0000,"https://media.ng-london.org.uk/iiif/009-00NA-0000/full/256,/0/default.jpg",Womens Lives,0,0.5666826285371244,15
000-02ZO-0000,0.8183378339877443,006-0019-0000,"https://media.ng-london.org.uk/iiif/009-009T-0000/full/256,/0/default.jpg",Uncategorised,0,0.5660939167263823,15
000-042J-0000,0.8166450612288632,006-001A-0000,"https://media.ng-london.org.uk/iiif/009-00PL-0000/full/256,/0/default.jpg",Contemporary_Style_and_Fashion,0,0.5649229231325348,15
000-04UI-0000,0.8164204389223948,006-0002-0000,"https://media.ng-london.org.uk/iiif/009-01I3-0000/full/256,/0/default.jpg",Monsters_and_Demons,0,0.5647675382584991,30
000-04R4-0000,0.8155770163993711,006-0002-0000,"https://media.ng-london.org.uk/iiif/009-00JT-0000/full/256,/0/default.jpg",Uncategorised,0,0.5641840917408341,16
000-03ZL-0000,0.8150030864752447,006-001V-0000,"https://media.ng-london.org.uk/iiif/009-010M-0000/full/256,/0/default.jpg",Uncategorised,0,0.5637870696001224,16
000-0328-0000,0.8107874385955443,006-0002-0000,"https://media.ng-london.org.uk/iiif/009-0119-0000/full/256,/0/default.jpg",Uncategorised,0,0.5608708502581303,15
000-040J-0000,0.808383545704785,006-0002-0000,"https://media.ng-london.org.uk/iiif/009-00VL-0000/full/256,/0/default.jpg",Water,0,0.5592079317354839,28
000-041J-0000,0.8072530415063999,006-0001-0000,"https://media.ng-london.org.uk/iiif/009-00W5-0000/full/256,/0/default.jpg",Uncategorised,0,0.5584258934097952,16
000-04PW-0000,0.8025119144118524,006-0015-0000,"https://media.ng-london.org.uk/iiif/009-00WG-0000/full/256,/0/default.jpg",Death,0,0.5551461682215179,28
000-03NU-0000,0.7957583850378178,006-0002-0000,"https://media.ng-london.org.uk/iiif/009-012J-0000/full/256,/0/default.jpg",Womens Lives,0,0.5504743423125973,38
000-04PX-0000,0.7944219050455392,006-0010-0000,"https://media.ng-london.org.uk/iiif/009-01PI-0000/full/256,/0/default.jpg",Uncategorised,0,0.5495498180366406,15
000-04FG-0000,0.7940027924471122,006-0002-0000,"https://media.ng-london.org.uk/iiif/009-00DX-0000/full/256,/0/default.jpg",Water,0,0.549259892430688,36
000-02U2-0000,0.7921477514532196,006-000T-0000,"https://media.ng-london.org.uk/iiif/009-01IN-0000/full/256,/0/default.jpg",Migration_Journeys_and_Exile,0,0.5479766480561691,22
000-031C-0000,0.7819660909323534,006-0002-0000,"https://media.ng-london.org.uk/iiif/009-014E-0000/full/256,/0/default.jpg",Uncategorised,0,0.5409333758968596,15
000-03TS-0000,0.7757397563121149,006-0002-0000,"https://media.ng-london.org.uk/iiif/009-00YV-0000/full/256,/0/default.jpg",Water,0,0.5366262425765729,23
000-04IO-0000,0.7750084494201674,006-001Z-0000,"https://media.ng-london.org.uk/iiif/009-00F5-0000/full/256,/0/default.jpg",Uncategorised,0,0.5361203532413894,15
000-04TT-0000,0.7734764103172059,006-0002-0000,"https://media.ng-london.org.uk/iiif/009-01HM-0000/full/256,/0/default.jpg",Uncategorised,0,0.5350605488667741,16
000-03FG-0000,0.7679268674101487,006-001J-0000,"https://media.ng-london.org.uk/iiif/009-0060-0000/full/256,/0/default.jpg",Uncategorised,0,0.5312215934258551,15
000-04GZ-0000,0.7666022264717087,006-0002-0000,"https://media.ng-london.org.uk/iiif/009-01JA-0000/full/256,/0/default.jpg",Uncategorised,0,0.5303052589415462,15
000-02QX-0000,0.7630736890475541,006-0002-0000,"https://media.ng-london.org.uk/iiif/009-0052-0000/full/256,/0/default.jpg",Uncategorised,0,0.5278643555789073,15
000-01A5-0000,0.7594387102238813,006-001J-0000,"https://media.ng-london.org.uk/iiif/009-01QN-0000/full/256,/0/default.jpg",Uncategorised,0,0.5253498202439307,16
000-03S6-0000,0.7591588784885834,006-001L-0000,"https://media.ng-london.org.uk/iiif/009-0054-0000/full/256,/0/default.jpg",Uncategorised,0,0.5251562436592002,15
000-02Q2-0000,0.7462581186384467,006-0001-0000,"https://media.ng-london.org.uk/iiif/009-01GY-0000/full/256,/0/default.jpg",Uncategorised,0,0.5162320055646191,15
000-03Q4-0000,0.7454050998695858,006-0002-0000,"https://media.ng-london.org.uk/iiif/009-00ZT-0000/full/256,/0/default.jpg",Uncategorised,0,0.5156419207416403,16
000-02T4-0000,0.7437992156126579,006-001A-0000,"https://media.ng-london.org.uk/iiif/009-01WJ-0000/full/256,/0/default.jpg",Uncategorised,0,0.5145310331948876,39
000-04JD-0000,0.7427527857251714,006-000F-0000,"https://media.ng-london.org.uk/iiif/009-00OO-0000/full/256,/0/default.jpg",Monsters_and_Demons,0,0.5138071541696443,30
000-0304-0000,0.739754373851214,006-001I-0000,"https://media.ng-london.org.uk/iiif/009-01EP-0000/full/256,/0/default.jpg",Uncategorised,0,0.5117329708052798,15
000-04NX-0000,0.7285678005244947,006-000A-0000,"https://media.ng-london.org.uk/iiif/009-01K2-0000/full/256,/0/default.jpg",Uncategorised,0,0.5039945395043456,16
000-040L-0000,0.7211673916273886,006-0002-0000,"https://media.ng-london.org.uk/iiif/009-01A2-0000/full/256,/0/default.jpg",Monsters_and_Demons,0,0.4988752277923049,35
000-03TQ-0000,0.7175371031231395,006-0002-0000,"https://media.ng-london.org.uk/iiif/009-00S9-0000/full/256,/0/default.jpg",Death,0,0.4963639370357688,15
000-03YZ-0000,0.7175202574551531,006-0002-0000,"https://media.ng-london.org.uk/iiif/009-01T7-0000/full/256,/0/default.jpg",Uncategorised,0,0.4963522838654347,34
000-03ER-0000,0.7113711517231645,006-0011-0000,"https://media.ng-london.org.uk/iiif/009-005D-0000/full/256,/0/default.jpg",Uncategorised,0,0.4920985744515324,15
000-01BC-0000,0.7034250888831113,006-0001-0000,"https://media.ng-london.org.uk/iiif/009-011L-0000/full/256,/0/default.jpg",Uncategorised,0,0.4866018008100647,15
000-03OD-0000,0.7032391395341544,006-0020-0000,"https://media.ng-london.org.uk/iiif/009-00QC-0000/full/256,/0/default.jpg",Womens Lives,0,0.4864731683664799,22
000-04NG-0000,0.6929487174325395,006-000A-0000,"https://media.ng-london.org.uk/iiif/009-01U3-0000/full/256,/0/default.jpg",Uncategorised,0,0.479354659224743,16
000-03I7-0000,0.6889909084544086,006-0002-0000,"https://media.ng-london.org.uk/iiif/009-00LW-0000/full/256,/0/default.jpg",Uncategorised,0,0.4766168026903981,15
000-04QC-0000,0.6875572399967149,006-0002-0000,"https://media.ng-london.org.uk/iiif/009-00VY-0000/full/256,/0/default.jpg",Contemporary_Style_and_Fashion,0,0.4756250472578673,40
000-04S4-0000,0.6829607140593996,006-002G-0000,"https://media.ng-london.org.uk/iiif/009-01VI-0000/full/256,/0/default.jpg",Battles_and_Commanders,0,0.47244535146095,23
000-02ZT-0000,0.6819331750622641,006-001K-0000,"https://media.ng-london.org.uk/iiif/009-01VU-0000/full/256,/0/default.jpg",Death,0,0.471734540410405,54
000-018G-0000,0.6804623396722564,006-001O-0000,"https://media.ng-london.org.uk/iiif/009-007P-0000/full/256,/0/default.jpg",Monsters_and_Demons,0,0.4707170743564016,24
000-03O4-0000,0.6706612093996895,006-0002-0000,"https://media.ng-london.org.uk/iiif/009-00BI-0000/full/256,/0/default.jpg",Uncategorised,0,0.4639370380512171,16
000-01BH-0000,0.6653313199056229,006-000W-0000,"https://media.ng-london.org.uk/iiif/009-01VC-0000/full/256,/0/default.jpg",Uncategorised,0,0.4602500301993228,15
000-03SQ-0000,0.6604965878131557,006-0007-0000,"https://media.ng-london.org.uk/iiif/009-014R-0000/full/256,/0/default.jpg",Uncategorised,0,0.4569055527562959,15
000-02VL-0000,0.6523658134152774,006-0002-0000,"https://media.ng-london.org.uk/iiif/009-01DD-0000/full/256,/0/default.jpg",Water,0,0.4512810029264485,27
000-03MQ-0000,0.6482777584601718,006-001T-0000,"https://media.ng-london.org.uk/iiif/009-00IN-0000/full/256,/0/default.jpg",Uncategorised,0,0.4484530473496529,15
000-01DN-0000,0.6382738322547761,006-0011-0000,"https://media.ng-london.org.uk/iiif/009-01S5-0000/full/256,/0/default.jpg",Migration_Journeys_and_Exile,0,0.441532724796976,46
000-02Q5-0000,0.5498338242973424,006-000S-0000,"https://media.ng-london.org.uk/iiif/009-01AT-0000/full/256,/0/default.jpg",Womens Lives,0,0.3803534068911075,21
000-044S-0000,0.5389801164134047,006-000A-0000,"https://media.ng-london.org.uk/iiif/009-00GB-0000/full/256,/0/default.jpg",Uncategorised,0,0.3728452388071737,16
000-031H-0000,0.4952530561959141,006-0002-0000,"https://media.ng-london.org.uk/iiif/009-01AE-0000/full/256,/0/default.jpg",Uncategorised,0,0.3425965789537905,16
000-032A-0000,0.4207701642223798,006-0002-0000,"https://media.ng-london.org.uk/iiif/009-014A-0000/full/256,/0/default.jpg",Uncategorised,0,0.2910722447543802,16
000-03T9-0000,0.4004499028422388,006-001O-0000,"https://media.ng-london.org.uk/iiif/009-006Z-0000/full/256,/0/default.jpg",Uncategorised,0,0.2770154874155033,15
